universe,group,hold,n,profitable,win_rate,beat_spy_rate,mean,median,mean_minus_spy,median_minus_spy,t_minus_spy,ci_low,ci_high,avg_win,avg_loss
all,cluster_flat,5,3217,1641,0.5101025800435188,0.48803232825613924,0.006635991144758706,0.001009465521823019,0.005044578316721032,-0.001152189126226718,3.0552686238837197,0.0018084067331550543,0.00828074990028701,0.059712835333304674,-0.04862993608455851
all,control,5,1155346,510518,0.4418745553280143,0.4284145182482131,0.03576795522060373,-0.003,0.03329697499256349,-0.005496855962310861,2.9772762637933834,0.011376916118929353,0.055217033866197626,0.13024445971666845,-0.03903021750502538
all,cluster_flat,10,3212,1668,0.5193026151930261,0.4825653798256538,0.009798891423411215,0.0030960049279409345,0.005597870580852541,-0.002232628066118011,2.7531111540151127,0.0016126241724502624,0.00958311698925482,0.07976801105314396,-0.06578950983461612
all,control,10,576444,267035,0.46324534560165426,0.4332354920859615,0.060566168678071235,-0.003,0.05584854501745458,-0.00757031603793101,2.7543381259432693,0.016106456998859008,0.09559063303605014,0.19901399423381294,-0.05892103142689496
all,cluster_flat,20,3193,1697,0.531475101785155,0.48073911681803944,0.013156508874701807,0.006827953407457235,0.0032066417998912224,-0.0034012974397662488,1.2565237048593383,-0.0017952677569924441,0.008208551356774889,0.10609114336973845,-0.09226466407855834
all,control,20,289273,138892,0.4801415963467036,0.43323089261700887,0.12845243196799364,-0.003,0.11955186015857457,-0.01157711153182783,2.7459602094377074,0.034218633149145916,0.20488508716800322,0.36174171368868907,-0.08701371679249356
all,cluster_flat,40,3159,1685,0.5333966445077556,0.4599556821779044,0.021653886527230267,0.010483146201069386,-4.264198946032907e-06,-0.010810506193679289,-0.0010979999015058885,-0.007616131852815468,0.007607603454923403,0.15134233822434273,-0.12659919427984875
all,control,40,142717,71205,0.4989244448804277,0.4281620269484364,0.20506915859234254,-0.0002419169988042676,0.18617526569029555,-0.018514775272102876,2.461777041339285,0.03794757706319707,0.33440295431739403,0.536518297630116,-0.12495707400057435
all,cluster_flat,60,3126,1768,0.5655790147152912,0.46801023672424824,0.04408272717383202,0.02762578431495422,0.00616875783169724,-0.0144202237754944,1.1385557552906567,-0.004450630190314906,0.016788145853709385,0.20119267591796663,-0.1604610058008587
all,control,60,95777,49157,0.5132443070883407,0.42533176023471186,0.2770271430620395,0.004042319059719304,0.24679034494392293,-0.024919441169140355,2.1434827477492147,0.02112532543396306,0.4724553644538828,0.6815135029121644,-0.14947084044616715
tradeable,cluster_flat,5,2292,1187,0.5178883071553229,0.4908376963350785,0.0030085049227574407,0.0015267570896226905,0.0014259802199185008,-0.0009656983333967664,0.9118711624908438,-0.0016390593887535472,0.004491019828590549,0.05068469059245941,-0.04820564203646089
tradeable,control,5,746620,358559,0.4802429616136723,0.43941228469636495,-0.0015142706109061094,-0.0016098791398427821,-0.003926618430187485,-0.004564988087550122,-54.883956322622716,-0.004066844693722995,-0.003786392166651976,0.03682927267852145,-0.036942779371935575
tradeable,cluster_flat,10,2287,1213,0.530389156099694,0.4783559247923043,0.005111981552959421,0.0037567180072072296,0.00036038278637366775,-0.00242732039110238,0.18630275882282413,-0.003431027849494238,0.004151793422241573,0.06618725276815338,-0.06386781731485275
tradeable,control,10,373871,185690,0.49666863704325825,0.4466701081389035,-0.0006274951597769496,-0.0004080293903520023,-0.0051793255999567425,-0.006096047635872348,-37.81829423968381,-0.00544775331146529,-0.004910897888448195,0.05404792463428698,-0.05457916244584585
tradeable,cluster_flat,20,2273,1242,0.5464144302683678,0.48394192696876376,0.011299551274676847,0.010175196795319311,0.0008367873033004186,-0.0032555093243934463,0.3171313838415856,-0.004334896099967198,0.006008470706568036,0.09517456417658164,-0.08974095893304938
tradeable,control,20,188902,96005,0.5082264878084933,0.44660194174757284,0.0013663124923503807,0.001424410992573513,-0.007373548986120079,-0.009267629333214452,-25.536208200030565,-0.007939496596649746,-0.006807601375590414,0.07912296961898817,-0.07899180313509573
tradeable,cluster_flat,40,2247,1216,0.5411659991099244,0.45705384957721407,0.017945019225000015,0.012873055347712662,-0.003449659623713977,-0.010810506193679289,-0.9337127752363225,-0.010691000903175537,0.003791681655747583,0.13447767708078376,-0.11949796036048305
tradeable,control,40,93278,48719,0.5222989343682326,0.44140097343425033,0.007871189270658205,0.005610127726315753,-0.01082539281699341,-0.015186227222380276,-18.69771990890154,-0.011960171283281473,-0.009690614350705347,0.11764733006909041,-0.11215358246027872
tradeable,cluster_flat,60,2222,1290,0.5805580558055805,0.48424842484248426,0.044616848766083184,0.03371841778500739,0.005618973336526971,-0.008528322352187586,1.1292658743151252,-0.004133546411111838,0.015371493084165782,0.18399962686817578,-0.14830566598895914
tradeable,control,60,62907,33736,0.5362837204126727,0.44045972626257807,0.01696170496122902,0.011689047034648573,-0.012934333698461923,-0.019165505010214745,-15.482662216488922,-0.014571732596306921,-0.011296934800616925,0.146602638966016,-0.13296687306439553
