universe,year,group,hold,n,profitable,win_rate,beat_spy_rate,mean,median,mean_minus_spy,median_minus_spy,t_minus_spy,ci_low,ci_high,avg_win,avg_loss
all,2015,cluster_flat,20,251,111,0.44223107569721115,0.5179282868525896,-0.013507070792347795,-0.013078501055278965,-0.001272807497096795,0.005108544305378329,-0.1468739495883023,-0.018258138805354932,0.015712523811161342,0.08023396489309251,-0.08783032051437546
all,2016,cluster_flat,20,200,137,0.685,0.57,0.05203620390037732,0.029420370835776314,0.027042606123141175,0.009485616480536255,3.356358132916205,0.011250635808190284,0.04283457643809206,0.09800226956343641,-0.04792174841452898
all,2017,cluster_flat,20,204,128,0.6274509803921569,0.4803921568627451,0.025116364971793065,0.017275590662258148,0.007473903868066545,-0.0028979482724658077,0.8812229453845999,-0.009149416777558608,0.0240972245136917,0.07573066473651889,-0.060128771474060934
all,2018,cluster_flat,20,285,155,0.543859649122807,0.5157894736842106,0.010229584931807782,0.003611767403401414,0.014587353152928759,0.004873747635064544,2.2616540405888164,0.0019456264933125477,0.027229079812544972,0.0802858918235194,-0.07329908866984838
all,2019,cluster_flat,20,288,168,0.5833333333333334,0.4826388888888889,0.025095506618241593,0.01702223168540751,0.00020496087358358567,-0.0026626015879257473,0.026536164191243234,-0.014933749805497682,0.015343671552664855,0.10279485828885429,-0.08368358572061617
all,2020,cluster_flat,20,232,109,0.4698275862068966,0.40086206896551724,-0.02240142842621366,-0.007127430202439829,-0.028740686628307605,-0.030186117641306298,-2.30230727223865,-0.053208205134952766,-0.004273168121662448,0.16320750436360718,-0.1868841412236971
all,2021,cluster_flat,20,257,146,0.5680933852140078,0.49416342412451364,0.024518826201159437,0.015867361601430544,0.010069171885787544,-0.002213525924864676,1.2689298775015763,-0.005483757591293879,0.025622101362868965,0.10023689601285078,-0.0750743106682724
all,2022,cluster_flat,20,264,111,0.42045454545454547,0.5075757575757576,-0.0054891247106979785,-0.013052336786951276,0.006607886717419368,0.00364818856327548,0.7878836056737278,-0.009830401721222567,0.0230461751560613,0.10922468892881311,-0.0887128718609315
all,2023,cluster_flat,20,313,162,0.5175718849840255,0.4536741214057508,0.017432898081270156,0.005000000000000007,-0.007908825599662628,-0.013524301199295704,-0.9333617262304305,-0.024516854126763125,0.008699202927437867,0.12231800011494434,-0.09509284052439353
all,2024,cluster_flat,20,279,142,0.5089605734767025,0.40860215053763443,0.015481120192398801,0.0020279415925083004,-0.0038644994299578983,-0.01787347989285115,-0.42139274468207427,-0.021839224857259948,0.01411022599734415,0.11519748354988607,-0.08787452649930333
all,2025,cluster_flat,20,358,195,0.5446927374301676,0.5,0.024696726769797474,0.0073107428844475545,0.016759100552443652,-2.7261934688381593e-05,1.820895908445196,-0.001280281561846043,0.03479848266673335,0.11913896754044064,-0.08828632200489836
all,2026,cluster_flat,20,262,133,0.5076335877862596,0.45038167938931295,0.005545247816662825,0.00331436659561857,-0.002678855952166138,-0.014913002689520448,-0.29806260311762456,-0.02029447633300808,0.014936764428675805,0.10784370027049829,-0.09992524967450087
tradeable,2015,cluster_flat,20,182,77,0.4230769230769231,0.5,-0.02436260706826967,-0.017454987665592,-0.010760285497716918,-0.00042536583290020283,-1.5487148397938288,-0.024378131103388757,0.0028575601079549214,0.06415000534336121,-0.08927185617013232
tradeable,2016,cluster_flat,20,136,96,0.7058823529411765,0.5808823529411765,0.05737111539533302,0.0361809218910083,0.026893625535171703,0.010239674922311592,3.052323784298811,0.009624321957325495,0.04416292911301791,0.09999694855362372,-0.044930884184564625
tradeable,2017,cluster_flat,20,137,91,0.6642335766423357,0.5328467153284672,0.027820314163641193,0.02085521711654315,0.012195757373476971,0.009355276400574767,1.97389859034811,8.587261602380734e-05,0.024305642130930137,0.06464857024971032,-0.04503558374575644
tradeable,2018,cluster_flat,20,210,115,0.5476190476190477,0.5095238095238095,0.0014008206962108768,0.0051346661375876205,0.005100001382049614,0.000969477622402239,0.8145939447155065,-0.007171146437872256,0.017371149201971484,0.0644119808776447,-0.07487584689184061
tradeable,2019,cluster_flat,20,206,130,0.6310679611650486,0.49514563106796117,0.032474883251699976,0.024044673384631347,0.005794805021363353,-0.000718174415041295,0.6790088153087631,-0.010932250041548422,0.022521860084275126,0.09525414406161715,-0.07491069444947412
tradeable,2020,cluster_flat,20,141,67,0.475177304964539,0.3900709219858156,-0.03658848710810005,-0.010948991757227407,-0.03937582576818131,-0.042726436451844596,-2.4369633386321143,-0.07104500079522755,-0.007706650741135079,0.16059652460061943,-0.21512086257410284
tradeable,2021,cluster_flat,20,164,89,0.5426829268292683,0.47560975609756095,0.018944639966119097,0.01074680318819499,0.001974502271714732,-0.005521257400469711,0.2524503178953586,-0.013355343556267196,0.017304348099696658,0.0884529267539994,-0.06353852702216552
tradeable,2022,cluster_flat,20,186,79,0.42473118279569894,0.46774193548387094,-0.007099415264078266,-0.01600658938434851,-5.4914878487389454e-06,-0.0057086458971218335,-0.0005484827116600565,-0.019629293578076367,0.019618310602378886,0.10975990607425601,-0.0933787272802316
tradeable,2023,cluster_flat,20,230,122,0.5304347826086957,0.45217391304347826,0.015011248983867314,0.0113185074892207,-0.0109183819464357,-0.01279429098863116,-1.2594168762206917,-0.027910395487839107,0.006073631594967708,0.10657262807547006,-0.08841919776775803
tradeable,2024,cluster_flat,20,199,109,0.5477386934673367,0.4271356783919598,0.021580043146982704,0.015450078610508847,0.0013605205935522634,-0.009430362631948408,0.1403519338125252,-0.01763900645909504,0.020360047646199565,0.10647392263515579,-0.0812358775664714
tradeable,2025,cluster_flat,20,276,157,0.5688405797101449,0.5144927536231884,0.019644838336517378,0.011144567448600377,0.013476835757175076,0.005042422183862527,1.595668234729181,-0.0030771054125231893,0.03003077692687334,0.09809560607893829,-0.08385743507155055
tradeable,2026,cluster_flat,20,206,110,0.5339805825242718,0.470873786407767,0.008366879791389515,0.007687981522540247,8.436699747849432e-05,-0.01299630706419463,0.009048937389116926,-0.01818952616225593,0.018358260157212918,0.09711160233653074,-0.09331978145825144
