universe,period,group,hold,n,profitable,win_rate,beat_spy_rate,mean,median,mean_minus_spy,median_minus_spy,t_minus_spy,ci_low,ci_high,avg_win,avg_loss
all,all,"Cluster buy, price within ±3% (your test)",20,3193,1697,0.531475101785155,0.48073911681803944,0.013156508874701807,0.006827953407457235,0.0032066417998912224,-0.0034012974397662488,1.2565237048593383,-0.0017952677569924441,0.008208551356774889,0.10609114336973845,-0.09226466407855834
all,all,"Cluster buy, price already up >3%",20,1939,958,0.49406910778751933,0.46003094378545645,0.021267461514366964,-0.002026503873849725,0.01076237904389101,-0.01175161067580277,1.5872490931746843,-0.0025274461112995833,0.024052204199081603,0.16854662260854067,-0.12255867133804729
all,all,"Cluster buy, price already down >3%",20,1318,715,0.5424886191198786,0.47268588770864944,0.022832703291667866,0.01633087521690624,0.0015702545673448804,-0.010196673200876857,0.2722807574120031,-0.009733147778267552,0.012873656912957315,0.16186422692114402,-0.14202225424577067
all,all,Every cluster buy,20,6450,3370,0.5224806201550387,0.4728682170542636,0.017572068783209095,0.005622682462819831,0.005143667558591922,-0.006354530130732113,1.9250714520829828,-9.332684176220369e-05,0.010380661958946047,0.1356787112777585,-0.11165500433582708
all,all,"Single insider buy, price within ±3%",20,11453,5989,0.5229197590151052,0.46721383043743997,0.016404909109477762,0.004237162661342333,0.006831252878624033,-0.005405768217600301,1.4861135888020893,-0.002178324681928234,0.0158408304391763,0.10376650661945985,-0.07935069255364134
all,all,"No insider buy, price within ±3% (control)",20,289273,138892,0.4801415963467036,0.43323089261700887,0.12845243196799364,-0.003,0.11955186015857457,-0.01157711153182783,2.7459602094377074,0.034218633149145916,0.20488508716800322,0.36174171368868907,-0.08701371679249356
all,2015-2021,"Cluster buy, price within ±3% (your test)",20,1717,954,0.5556202679091439,0.4938846825859057,0.013621344796666952,0.009699324754542164,0.003931325095515038,-0.0011722117317813918,1.2027716164127311,-0.0024750425656963546,0.01033769275672643,0.09870425611979129,-0.09276017211324211
all,2015-2021,"Single insider buy, price within ±3%",20,6140,3370,0.5488599348534202,0.4798045602605863,0.023035201730110057,0.008442484858840475,0.01228277498607487,-0.0031997435314141663,1.4702546560406804,-0.004091421738142566,0.028656971710292307,0.102801466466176,-0.07400895428452614
all,2015-2021,"No insider buy, price within ±3% (control)",20,164455,81746,0.4970721473959442,0.4412392447782068,0.10312952972037553,-0.0004995531204484678,0.09520933502121344,-0.009375513616265763,2.434901786316813,0.018569571688558884,0.171849098353868,0.28999851092554774,-0.08156369275357538
all,2022-now,"Cluster buy, price within ±3% (your test)",20,1476,743,0.5033875338753387,0.4654471544715447,0.012615774946507938,0.0007094472312869663,0.0023636328442095903,-0.008695680394103063,0.5903610920748381,-0.005483632900165587,0.010210898588584767,0.11557578729497342,-0.09174887604245505
all,2022-now,"Single insider buy, price within ±3%",20,5313,2619,0.49294184076792774,0.45266327875023527,0.008742572070011872,-0.001983548159994239,0.0005311689825675375,-0.009194696454286388,0.23825122203676835,-0.0038385513358940655,0.00490088930102914,0.10500827268153187,-0.08484312574051928
all,2022-now,"No insider buy, price within ±3% (control)",20,124818,57146,0.45783460718806585,0.42267942123732155,0.16181683364989874,-0.003,0.15162455777802628,-0.015412103995917966,1.747701603587844,-0.01841827598423859,0.3216673915402911,0.4643686666351026,-0.09367475885176306
all,all,"Your test, without the 10 best trades",20,3183,1687,0.5300031416902293,0.4791077599748665,0.009783711139499265,0.006259235275681288,-7.909703761783393e-05,-0.003841143831533664,-0.03408489083042884,-0.004627452333875767,0.0044692582586401,0.10027829876618223,-0.09226466407855834
tradeable,all,"Cluster buy, price within ±3% (your test)",20,2273,1242,0.5464144302683678,0.48394192696876376,0.011299551274676847,0.010175196795319311,0.0008367873033004186,-0.0032555093243934463,0.3171313838415856,-0.004334896099967198,0.006008470706568036,0.09517456417658164,-0.08974095893304938
tradeable,all,"Cluster buy, price already up >3%",20,1334,666,0.4992503748125937,0.46401799100449775,0.014710872188261585,-3.352830956093473e-05,0.004923775921241604,-0.009299296191667025,0.9401435411108651,-0.005341253176581566,0.015188805019064774,0.14439745807118184,-0.11458743050339248
tradeable,all,"Cluster buy, price already down >3%",20,925,530,0.572972972972973,0.4897297297297297,0.02649536096871499,0.02647365610223063,0.0032104558886533402,-0.003510739811682928,0.5184664870595362,-0.008926285248557271,0.015347197025863953,0.15254023824679774,-0.14262814525251
tradeable,all,Every cluster buy,20,4532,2438,0.5379523389232127,0.47925860547219773,0.015405205746368665,0.010087971820253231,0.0025242732383809557,-0.0050804874755489525,1.0551858914203436,-0.0021645456583225813,0.007213092135084493,0.12109181380374257,-0.10764348118958048
tradeable,all,"Single insider buy, price within ±3%",20,8199,4344,0.5298207098426637,0.4712769849981705,0.008958031388222952,0.005833220479112391,-0.00042969467985612414,-0.005067997254860288,-0.34530512764556764,-0.0028687015323186978,0.0020093121726064496,0.0854820834392467,-0.07727296267394232
tradeable,all,"No insider buy, price within ±3% (control)",20,188902,96005,0.5082264878084933,0.44660194174757284,0.0013663124923503807,0.001424410992573513,-0.007373548986120079,-0.009267629333214452,-25.536208200030565,-0.007939496596649746,-0.006807601375590414,0.07912296961898817,-0.07899180313509573
tradeable,2015-2021,"Cluster buy, price within ±3% (your test)",20,1176,665,0.5654761904761905,0.49744897959183676,0.010299152054434487,0.012207989866641292,0.00034569467367698867,-0.00029588756819565014,0.10261241463952261,-0.006257420191002606,0.0069488095383565835,0.08848867898285286,-0.09145434189350722
tradeable,2015-2021,"Single insider buy, price within ±3%",20,4335,2428,0.5600922722029988,0.4881199538638985,0.01144434614701206,0.010779349146740839,0.0007347306287048129,-0.002199840036775422,0.480388072367601,-0.002262995824335566,0.0037324570817451916,0.07792056894142525,-0.07319344564367238
tradeable,2015-2021,"No insider buy, price within ±3% (control)",20,106963,55745,0.5211615231435169,0.45449360993988575,0.0015496184089208377,0.003511599518532085,-0.0060776867928128905,-0.007161985457222464,-16.44858834052781,-0.006801898856930426,-0.005353474728695355,0.07173104808158112,-0.07483492993545904
tradeable,2022-now,"Cluster buy, price within ±3% (your test)",20,1097,577,0.5259799453053783,0.46946216955332726,0.012371993829831831,0.007200624365747313,0.0013632457649568942,-0.007090667457231636,0.3320023815339044,-0.006684773911801507,0.009411265441715295,0.10288013376727424,-0.0880572306776764
tradeable,2022-now,"Single insider buy, price within ±3%",20,3864,1916,0.49585921325051757,0.4523809523809524,0.00616864875899138,-0.0012912822602124648,-0.001736056924320841,-0.008736319448565344,-0.8650230482133147,-0.0056696764720276785,0.0021975626233859966,0.09506421141456531,-0.08126661717944784
tradeable,2022-now,"No insider buy, price within ±3% (control)",20,81939,40260,0.4913411196133709,0.4363001745200698,0.0011270253305089401,-0.001707004459908676,-0.009065164795230724,-0.012747554666431845,-19.762033242067883,-0.009964248547444522,-0.008166081043016925,0.08935800851870887,-0.08410005265017506
tradeable,all,"Your test, without the 10 best trades",20,2263,1232,0.5444100751215201,0.48166151126822804,0.007764256297331246,0.009495885206481373,-0.002645639190541778,-0.0034012974397662488,-1.1058701019258514,-0.007334664424546675,0.0020433860434631193,0.0893615589779501,-0.08974095893304938
