entry_date,n,mean,win_rate
2015,28,-0.04802435135695944,0.32142857142857145
2016,30,0.0953741972648873,0.7
2017,11,-0.05274116911016726,0.36363636363636365
2018,11,0.02973359987453246,0.5454545454545454
2019,31,0.006934206611120405,0.5483870967741935
2020,166,0.044943077631818686,0.6265060240963856
2021,78,0.005725229809805539,0.5256410256410257
2022,150,0.02128733766233149,0.5466666666666666
2023,93,0.016037390803954152,0.5268817204301075
2024,67,0.047291633834822225,0.582089552238806
2025,150,0.030235362463464574,0.5733333333333334
2026,167,-0.000336826154695105,0.47305389221556887
