strategy,n,win_rate,mean,median,std,t_stat,avg_win,avg_loss,profit_factor
Variant #2 (his rules),592,0.5067567567567568,0.005717952903230785,0.0005872562633055826,0.05201094544844192,2.6748946299590153,0.04196780365763748,-0.031525044447187046,1.3677254783829527
Variant #2 but repeat buys allowed,996,0.5060240963855421,0.00359707097369972,0.0006104427958164597,0.05704098530090494,1.990176791728407,0.04251432721908755,-0.036269386643526844,1.2007719473547256
"All $25k+ insider buys, open->close, 1.5xATR stop",45061,0.4470828432569184,0.00014361056396375576,-0.003,0.05252206035659519,0.5804235778844695,0.03191168553715628,-0.025543711868704785,1.0101681586763285
"All $25k+ insider buys, open->close, no stop",45061,0.4481480659550387,0.0004094337078838201,-0.003,0.05267980635271288,1.6498324345393605,0.03198457043360524,-0.025232111755550384,1.0294040685098869
"CONTROL: same filters, no insider buy",99463,0.43794174718236933,-0.005002466431625479,-0.006964317269387618,0.07317449483399174,-21.560321233845407,0.04207777046264482,-0.041686210687448315,0.7864938276159111
SPY open->close on the same days,410,0.524390243902439,-0.0002819188239923031,0.0002765761518684906,0.008212462432235907,-0.695092508057616,0.005358785285024839,-0.006501156687780433,0.9088235482345103
Variant #2 [train],214,0.5093457943925234,0.004589731890650431,0.0005872562633055826,0.05360542886611567,1.2525221901304568,0.04239094354517614,-0.03465152592214293,1.2699537888024415
CONTROL [train],36739,0.4254334630773837,-0.006710194924371949,-0.008494521288445408,0.05996056649094009,-21.450285374189825,0.041831923471862105,-0.042652840740523265,0.7261915503387276
Variant #2 [test],378,0.5052910052910053,0.006356681201358288,0.0005375663056642636,0.0511472043157528,2.4163199017170265,0.041726325920769865,-0.029769533458575463,1.431626992441783
CONTROL [test],62724,0.4452681589184363,-0.004002207565880111,-0.006091649106136518,0.07988930140207005,-12.546652170222671,0.04221535463916147,-0.041099787529225607,0.8244596591869409
