entry_date,daily_ret,equity,drawdown
2015-02-04,0.0011245340544587619,1.0011245340544588,0.0
2015-02-11,-0.0033797226929729385,0.997741010748223,-0.0033797226929729307
2015-02-13,0.0040961194687064205,1.0018278771270754,0.0
2015-02-17,-0.024196995853123193,0.9775866521386883,-0.024196995853123182
2015-02-25,-0.001144534095141463,0.9764677708843604,-0.025313835661510797
2015-03-05,0.00613712268308448,0.9824604733903557,-0.01933206709346047
2015-03-18,0.0047580572135789345,0.987135076532827,-0.014665992961168883
2015-05-05,-0.006225072987225986,0.9809900886331592,-0.020799769071781493
2015-05-11,-0.002755504966929643,0.9782869655714217,-0.023497960171722898
2015-05-12,0.0036691932525204397,0.981876489504525,-0.01991498547611259
2015-05-18,5.4307768564458597e-05,0.9819298130256758,-0.019861759245970445
2015-05-27,0.0182274410900821,0.9998278808471965,-0.0019963472024897566
2015-06-03,0.03656650280998748,1.0363880898616995,0.0
2015-06-08,-0.005083912202805981,1.0311191838048088,-0.005083912202806018
2015-06-11,-0.0004979893734479826,1.0306056974085156,-0.005579369842001469
2015-08-04,-0.0022523314241510864,1.0282844318103332,-0.00781913467613049
2015-08-06,-0.004334319540477093,1.0238275185043693,-0.01211956358839128
2015-08-13,-0.0055632940446412715,1.018131664967934,-0.017615432937097664
2015-08-17,-0.007205058824518248,1.0107959664307353,-0.024693571531084757
2015-08-18,-0.006763177819328946,1.0039597735707038,-0.03128974233515469
2015-08-19,-0.0049108193516185904,0.999029508486406,-0.0360469034146067
2015-08-28,0.004045405017570214,1.0030709874727377,-0.032147322720977756
2015-09-10,0.0029169411316165086,1.005996886494028,-0.029324153437277456
2015-09-15,0.010965193656957818,1.0170278371727317,-0.018680504801585784
2015-09-29,0.002354591361837197,1.0194225221328865,-0.016369898394989257
2015-11-04,-0.0024599434358570284,1.016914800391201,-0.01878957280674376
2015-11-09,0.002638841372518213,1.0195982772387995,-0.016200314136319838
2015-11-10,0.0006890316111748778,1.0203008126825166,-0.01552244505369571
2015-11-11,-0.012221045324062776,1.0078316702065455,-0.027553789873216994
2015-11-13,0.0054517438759055835,1.0133261103425377,-0.022252262202510753
2015-11-16,0.01044816879636189,1.0239135125891572,-0.01203658879774172
2015-11-17,0.019175399360984124,1.0435474631041624,0.0
2015-11-20,0.0015825864594570269,1.0451989671890716,0.0
2015-11-23,0.02173717898793925,1.0679186442168698,0.0
2015-12-09,0.037997356339841866,1.108496729483139,0.0
2015-12-10,0.012991862952748932,1.1228981670761544,0.0
2015-12-17,-0.00463341763454197,1.117695310907029,-0.0046334176345419475
2015-12-24,0.005821138975000824,1.1242015706435255,0.0
2016-02-04,0.01011080243895976,1.1355681506258706,0.0
2016-02-05,-0.00527175286930908,1.1295817159695127,-0.005271752869309032
2016-02-18,-0.0001196986279719081,1.129446506587929,-0.00539082047569539
2016-02-19,0.008021759249049182,1.1385066545484572,0.0
2016-02-23,0.001642708804656795,1.1403768894540445,0.0
2016-02-29,0.00786462680244262,1.149345528103731,0.0
2016-03-03,0.008962815099486139,1.159646899557546,0.0
2016-03-04,-0.002658743776025149,1.1565636955809604,-0.002658743776025263
2016-03-10,-0.0018625174299963302,1.15440957553904,-0.004516309249396722
2016-03-16,0.0003721652418376029,1.1548392066579,-0.004145824820883215
2016-05-05,-0.0027309174257769187,1.1516854361444677,-0.006865420341412465
2016-05-09,0.0023063914404551863,1.1543416735764882,-0.004574863247667871
2016-05-10,-0.0020148437340228855,1.1520158554885611,-0.006580489347142171
2016-05-11,0.001625875211945442,1.153888889511768,-0.00496531318970872
2016-05-16,-0.0011304198179853666,1.1525845106433108,-0.00609012011926191
2016-05-19,0.0012840991337848104,1.1540645434150416,-0.004813841303446975
2016-05-24,-0.0006646895143360701,1.1532974488141665,-0.0054753311079450695
2016-06-03,-0.010548304476226723,1.1411321161724193,-0.015965880124536924
2016-06-15,-0.0022394762213731414,1.1385765779328059,-0.018169601137017932
2016-06-30,0.003263743365849288,1.1422925996855455,-0.01496515868633963
2016-08-03,0.005169297903180106,1.1481974504259183,-0.009873220146577544
2016-08-08,-0.0005480255909992218,1.147568208839565,-0.010415834960270764
2016-08-10,-0.00040386889739498584,1.1471047417323754,-0.010815497225884818
2016-08-11,0.005758918767912274,1.1537108247582992,-0.005118864027930936
2016-08-15,0.010131256670613912,1.1653993652475914,0.0
2016-08-22,-0.003162093418651971,1.161714263584641,-0.0031620934186518124
2016-09-07,0.0022376735540370262,1.164313800869612,-0.0009314955974331074
2016-09-12,0.023682903518550312,1.1918881322809236,0.0
2016-09-14,-0.0031979439940409663,1.188076540786727,-0.0031979439940409415
2016-09-29,-0.017917581877312176,1.166789082090667,-0.021058226448000927
2016-11-08,0.007760564060854147,1.175844023507737,-0.013461086102504405
2016-11-10,-0.010481158837728396,1.1635198155289588,-0.023801157158664044
2016-11-11,0.002012471980591379,1.1658613665565736,-0.021836584339960163
2016-11-15,-0.0009040245939111735,1.1648073992081156,-0.022720868124580962
2016-11-16,-0.003805997314453115,1.1603741453748744,-0.026440389875969972
2016-11-22,-0.004998104043939545,1.1545744746663933,-0.031306342100347107
2016-11-25,0.0007218790761005709,1.1554079378214548,-0.03060706241755795
2016-12-13,-0.003835888590958524,1.1509759216948625,-0.034325545726986206
2017-02-02,-0.005007725807311233,1.1452121498681973,-0.03916137861311042
2017-02-07,0.0018483028516262778,1.1473288487505158,-0.037385457849248405
2017-02-08,-0.0047608720027154565,1.1418665629565916,-0.04196834247238068
2017-02-24,-0.0011637796509100032,1.1405376818865682,-0.043083280220338915
2017-03-02,-0.012619945175756021,1.1261441588702759,-0.05515951676172248
2017-03-08,0.005009984741210947,1.1317861239226197,-0.050425880357820474
2017-03-09,-0.003970151577778147,1.127292761457021,-0.054195833547135086
2017-03-14,0.002785322628810052,1.130432635494801,-0.051561463799891016
2017-03-23,-0.009104754098360665,1.1201403243238592,-0.06019676344940206
2017-05-03,-0.0036172278071813025,1.1160885215947698,-0.06359624584993195
2017-05-05,-0.0003060464950343114,1.1157469466145877,-0.06388282893682651
2017-05-08,-0.006878867747893911,1.1080718709287096,-0.07032225515310253
2017-05-09,-0.0013536047639292864,1.1065719795654445,-0.07158067137744639
2017-05-10,-0.009463587764758167,1.0960998385188048,-0.08036684917636372
2017-05-12,-0.0037172830450110652,1.0920253251734395,-0.08378538589555051
2017-05-15,0.004968959075029271,1.0974515543231218,-0.0792327529741218
2017-05-17,-0.008495116916954315,1.0881285750584537,-0.0870547783909087
2017-05-26,0.004548447453425495,1.0930778707046778,-0.08290229502256397
2017-05-31,0.008829542849118474,1.102729248601488,-0.07480474153963745
2017-06-01,0.012770039790665775,1.11681114498446,-0.06298996127496326
2017-06-06,-0.006312580645161285,1.1097611845663307,-0.06890491270974075
2017-06-14,-0.005645457086829809,1.103496075422232,-0.07416137006879597
2017-06-19,0.004486347919069524,1.108446742743904,-0.0700077358580099
2017-08-02,-0.0024120084655982893,1.1057731598167408,-0.07225088507206123
2017-08-04,0.010256355806058876,1.1171143627846114,-0.0627355600506041
2017-08-07,0.004599953309500731,1.1222530366947931,-0.05842418738818156
2017-08-08,0.019245836452418053,1.1438517350972506,-0.04030277329110199
2017-08-10,-0.006920638861372846,1.1359355503276878,-0.046944491213415374
2017-08-11,0.0031553980928301487,1.1395198791967696,-0.04393722167862901
2017-08-16,0.002433558845782008,1.1422929678787332,-0.0416105866473222
2017-08-21,-0.0044617358066484985,1.137196358442266,-0.045886667009590654
2017-08-22,0.003908791471963515,1.141641421870093,-0.04215723695031104
2017-08-24,-0.009328911259027278,1.1309911503558372,-0.05109286708690308
2017-08-31,-0.0029349934160875237,1.1276716987758897,-0.05387790327448139
2017-09-19,-0.00099,1.1265553037941014,-0.054814564150239775
2017-11-02,0.008225528769819048,1.135821816856252,-0.047039914154843765
2017-11-03,0.0036064213779994007,1.1399180689381605,-0.04360313852887154
2017-11-08,0.007816174808854435,1.1488278678327528,-0.03612777347297358
2017-11-10,0.0057100197225405025,1.1553876976158821,-0.030624044049495147
2017-11-14,-0.006691663182803838,1.1476562322978814,-0.03711078144422442
2017-11-15,-0.0006336454711847352,1.146929025123809,-0.03772091183681492
2017-11-17,0.004613625018201617,1.1522205255682216,-0.03328131696117309
2017-11-24,-0.007177503933906555,1.1439504582132278,-0.040219944111665185
2017-12-01,-0.018860263634111092,1.1223752509869642,-0.05832164899648107
2017-12-07,0.00639987529762937,1.1295583126304263,-0.05229502497958127
2017-12-11,-0.0019376167864202367,1.127369661482633,-0.05413131404775484
2017-12-12,-0.011803565011751862,1.114062680391046,-0.06529593657497246
2017-12-15,-0.0025709265520725225,1.1111985070653556,-0.067698992069962
2017-12-19,0.0003884431410891318,1.1116301445038137,-0.06733684613800095
2018-02-07,0.0013176934801127668,1.113094932297523,-0.0661078819810158
2018-02-16,0.007231502671182768,1.1211442812737125,-0.059354438634965034
2018-02-21,-0.0019901139399417247,1.1189130764108637,-0.06122643047918186
2018-02-22,-0.002930314395918289,1.1156343093152756,-0.06397733218445645
2018-02-26,0.0005042326127698213,1.1161968485179572,-0.06350535902905208
2018-02-28,-0.005611598449297815,1.1099332000137028,-0.06876059090410036
2018-03-01,-0.029024118646536173,1.0777183671267754,-0.09578899400203011
2018-03-08,0.00477315438600304,1.0828624832777025,-0.09147305527287874
2018-03-12,0.000641300430478635,1.0835569234543776,-0.09089041655212382
2018-03-13,-0.013310009231567395,1.069134770800271,-0.10299067350032154
2018-03-20,-0.010831167631212191,1.0575547928773756,-0.11270633188240031
2018-03-28,-0.0029601261055117556,1.0544242973269702,-0.11533283303265052
2018-05-01,0.02135886069081826,1.0769455990025907,-0.09643735025565414
2018-05-02,-0.0011622821867141788,1.0756938843168098,-0.09748754502803225
2018-05-03,-0.0017138325087045806,1.0738503251684528,-0.09903430021287407
2018-05-08,-0.004782649494947936,1.0687144754531364,-0.10334330336192632
2018-05-10,0.004528380450548944,1.073554021190997,-0.09928290070601664
2018-05-16,-0.010754758054589472,1.0620082074345563,-0.10896989518455502
2018-05-17,-0.0013684832535071872,1.060554866987595,-0.11018925496136567
2018-05-22,0.002722266341314441,1.0634419798051127,-0.10776695312000695
2018-05-31,0.0006727132659427521,1.0641573713324881,-0.10716673611305816
2018-06-06,0.003233995971679691,1.0675988519846105,-0.10427931693426629
2018-06-11,-0.0035267016318359912,1.06383374937117,-0.10743825652890349
2018-08-01,-0.0055963541173005855,1.0578801589877533,-0.11243334811692296
2018-08-03,-0.005506037894174655,1.0520554307448713,-0.11732032373579693
2018-08-06,0.0006790678495168143,1.0527698477637997,-0.11672092434622405
2018-08-07,-0.003533218459712263,1.0490501819038522,-0.11984174228140143
2018-08-09,-0.004468171505023606,1.0443628457737295,-0.12377444032845097
2018-08-14,0.005545204037610527,1.0501540508428444,-0.11891559081710279
2018-08-20,-0.002620778316289177,1.0474018298776322,-0.12122471773150978
2018-08-28,0.001535942166330408,1.0490105785132329,-0.11987496972074474
2018-09-18,0.00024943548209448196,1.0492722389726066,-0.11965543530951361
2018-09-25,0.02069242389166338,1.0709842249191825,-0.10143897240621613
2018-11-01,0.013572421224616802,1.0855200739447055,-0.0892433236436887
2018-11-02,0.001826349092442656,1.0875026125465828,-0.08757996401438917
2018-11-05,-0.0015591913829316757,1.0858069878441845,-0.08900260147211214
2018-11-06,-0.000537075723051779,1.0852238272710935,-0.08949187605862474
2018-11-08,-0.0020716862720203903,1.0829755839660666,-0.09137816323955705
2018-11-12,-0.017165481387681855,1.0643857867361832,-0.10697509446690967
2018-11-16,0.0014315030419993421,1.0659094582277568,-0.10569672659805796
2018-11-30,-0.0003478337213365057,1.0655386989742937,-0.1060077954336488
2018-12-13,-0.009715703692435093,1.0551862407022365,-0.1146935587965624
2018-12-21,-0.0017573033734759077,1.053331958361805,-0.1162493107922492
2019-02-04,0.01259964843127497,1.0666035707185901,-0.10511436280733466
2019-02-21,-0.00024408012640241532,1.0663432339842278,-0.10533278660677636
2019-02-22,-0.005374265552834852,1.0606124222743278,-0.1101409657929664
2019-02-28,0.0023184931814608455,1.0630714449435434,-0.10807783368969615
2019-03-04,0.0016353778930512117,1.064809968483338,-0.10661920389658996
2019-03-05,-0.006618381894673484,1.05776264946666,-0.11253193918256976
2019-03-06,-0.010267946649568364,1.0469015990140305,-0.12164441388423886
2019-03-13,-0.0019747062793319006,1.0448342758526148,-0.12337890817562802
2019-03-14,0.0065816187056886915,1.051710976666911,-0.11760932239987543
2019-03-15,0.0005009452554503355,1.0522378262907774,-0.11716729297647799
2019-03-18,0.009366847263417027,1.0620939772944331,-0.10889793385063973
2019-03-20,0.0014727068803607477,1.0636581304023844,-0.10758560170671772
2019-05-01,-0.004403538076630689,1.0589742713246397,-0.11151538248973569
2019-05-02,-0.0007016920785179525,1.0582311974670968,-0.11213882510772777
2019-05-08,-0.0022339398283870745,1.0558671726474333,-0.11412225354839811
2019-05-10,0.008057138103392711,1.0643744402762925,-0.10698461420251526
2019-05-14,0.000535144414466797,1.0649440343129075,-0.10650672200677291
2019-05-16,-0.00018251210379376825,1.0647496691367826,-0.10666979534466492
2019-05-29,0.0001309781426571644,1.0648891280708408,-0.10655278861367978
2019-05-30,-0.01499679111099985,1.0489192082607877,-0.11995162981154572
2019-06-03,0.0023560044701822157,1.0513904666043101,-0.1178782319174051
2019-06-19,0.0038924002377170104,1.0554828991064542,-0.11444466093762495
2019-06-24,-0.0013429492402531054,1.054065439148999,-0.11563391680742097
2019-06-28,0.007308386060143693,1.0617689563109547,-0.10917062805295241
2019-08-01,0.0045486663258746535,1.0665985890083856,-0.10511854248667674
2019-08-02,-0.0023725699872899414,1.0640680092076185,-0.10724171137495508
2019-08-09,-0.0017079930356098897,1.0622505884584765,-0.10876653631440969
2019-08-13,0.007519377707789987,1.070238051853418,-0.10206501527513578
2019-08-15,-0.0075525070103188655,1.062155071464085,-0.10884667554208094
2019-08-20,3.806096195499739e-05,1.0621954981078503,-0.10881275738930274
2019-08-23,-0.020419063327189457,1.0405064609661305,-0.1270099661325539
2019-09-06,-0.0007956492567743181,1.039678582773794,-0.12770456000417196
2019-09-09,0.027276028785159,1.0680368857248452,-0.10391180447368287
2019-09-10,0.022226081028725603,1.0917751600886334,-0.08399527563103037
2019-09-12,0.0064137304914595366,1.098777511722712,-0.07812026820002405
2019-09-13,-0.006332915184134503,1.0918190469347377,-0.08395845435148608
2019-09-16,-0.012916486578088205,1.077716580869304,-0.09579049268082629
2019-09-17,0.0004548104800804362,1.0782067376648399,-0.09537924872070913
2019-09-24,-0.009336280452060195,1.0681402971767,-0.10382504175740603
2019-09-25,-0.0035798181733821843,1.064316549129145,-0.10703318515945281
2019-11-06,-0.0057210091619095725,1.0582275844004052,-0.11214185648843689
2019-11-07,-0.002826534226180664,1.055236467914009,-0.11465141791906552
2019-11-08,-0.001255699771560234,1.0539114077223073,-0.11576314993133574
2019-11-13,0.002214121575050954,1.0562448957083375,-0.11380534204414372
2019-11-14,0.004193906040938451,1.060674687557159,-0.11008872491469524
2019-11-15,0.00046812899567364873,1.0611712201333816,-0.10967213164325096
2019-11-19,-0.006598810388391281,1.0541687524621035,-0.11554723643003784
2019-12-09,0.013682304593599771,1.0685922104263452,-0.10344588432022239
2019-12-10,0.00538498855590819,1.0743465672504238,-0.09861795066753443
2019-12-11,0.007084931788950962,1.0819582393970866,-0.09223172033222915
2019-12-12,0.03915598409730726,1.1243233790128695,-0.0566871600095179
2019-12-17,-0.0027786246352518884,1.1211993063739547,-0.05930827230546487
2019-12-23,-0.0005467675443276512,1.1205862709825067,-0.05982261201138572
2020-02-07,0.0007969686780547988,1.1214793431415382,-0.05907332008134325
2020-02-12,0.012189849432516513,1.1351500074761112,-0.047603565526097125
2020-02-14,-0.01852846658642019,1.1141174184920155,-0.06525001103927242
2020-02-18,-0.00209406096517705,1.1117843886953276,-0.06720743450335476
2020-02-19,-0.002551388826636471,1.1089477944283814,-0.06958735103253255
2020-02-25,-0.012715662106779449,1.094846788980372,-0.08141816389667633
2020-02-26,-0.003772164077426214,1.0907168472526947,-0.08488320530100157
2020-03-03,-0.009864829564885387,1.0799571114509976,-0.09391067651267149
2020-03-19,0.026989242349523566,1.10910433565904,-0.06945601217075614
2020-03-23,-0.0080243599258634,1.1002044832743763,-0.0769230320559462
2020-03-31,-0.004597273931563474,1.0951465418840296,-0.0811666697375022
2020-05-12,-0.014553097110758485,1.07920876790948,-0.09453854042141396
2020-05-13,-0.015469772276189836,1.0625136540314528,-0.10854582300596116
2020-05-19,-0.0056753881029820855,1.0564834766801068,-0.11360517143642679
2020-05-21,0.003413296567637325,1.0600895681048244,-0.11057964301051937
2020-05-28,-0.00015447794020639031,1.0599258076519091,-0.11071703883524486
2020-06-01,-0.0004488100401750544,1.0594501023075944,-0.1111161579567721
2020-06-02,-0.005827816474993804,1.0532758215469324,-0.11629640985578737
2020-06-04,0.018284331501744164,1.0725342658308685,-0.10013848046430907
2020-06-08,-0.0006167120287673414,1.0718728210478654,-0.10069343588763169
2020-06-10,-0.0206182628999959,1.0497726654281403,-0.11923557505419247
2020-06-17,0.005838056848695539,1.0559012979271165,-0.11409362227105013
2020-06-25,0.009124263170968266,1.0655356192519705,-0.10601037933581192
2020-08-04,-0.001958179548790352,1.0634491091938436,-0.10776097152782738
2020-08-05,0.007632797554198654,1.071566200953513,-0.10095069165354453
2020-08-10,0.014640108610270115,1.087254046518567,-0.08778851213336425
2020-08-11,-0.006091935079960858,1.0806305654517512,-0.09334564529664213
2020-08-13,0.0023737641870465744,1.0831957275874484,-0.09119346165941755
2020-08-14,-0.0014614393615722658,1.0816127027148652,-0.09252162730660274
2020-08-17,-0.007123053254773052,1.0739083178323883,-0.09898564408285249
2020-08-18,0.03687885245901636,1.1135128242402395,-0.06575726858752828
2020-08-21,-0.004778511445129546,1.108191890465309,-0.07022155817211184
2020-08-27,-0.00962636596501986,1.0975240297682227,-0.07917194571953301
2020-08-28,0.007897052881621763,1.106191235070153,-0.07190011787999928
2020-09-04,0.00956998992919919,1.1167774740495429,-0.06301821135481989
2020-09-23,-0.017726014952224218,1.0969814598462335,-0.07962716455030605
2020-09-25,0.004122558498255993,1.1015038300859519,-0.07583287369595904
2020-09-30,-0.0074353124039573965,1.0933138049951072,-0.0827043449934971
2020-11-06,-0.009219003949522155,1.0832345407087902,-0.09116089725988152
2020-11-10,0.00969609430133569,1.0937376849659668,-0.08234870761497193
2020-11-18,0.004067496789342027,1.0981864594879482,-0.07861616392946036
2020-11-19,6.095437663223377e-05,1.0982533987590124,-0.07856000155209353
2020-12-07,0.00969697684199766,1.1089031365334239,-0.06962481922585373
2020-12-08,0.004124977008343065,1.113477336476104,-0.06578704299602722
2020-12-18,-0.006108634635357133,1.1066755102528207,-0.07149380862198107
2020-12-22,0.0348657497441323,1.1452605816412555,-0.03912074411751765
2020-12-30,0.005676660244617484,1.151761836854786,-0.03366615904577197
2021-02-03,-0.004452964354010468,1.146633082450962,-0.03796920919361502
2021-02-08,0.007282994803859951,1.1549840052323863,-0.0309627439430189
2021-02-09,0.006409031211782822,1.1623863337710305,-0.024752153923569442
2021-02-11,0.0029221095153391463,1.165782953937443,-0.021902372912735557
2021-02-12,-0.007877735037954081,1.1565992247145602,-0.029607566860180734
2021-02-17,0.044561688403782836,1.2081392389743473,0.0
2021-02-19,-0.0034184348534874996,1.2040092936919715,-0.003418434853487473
2021-03-02,-0.006828682844832135,1.1957874960831187,-0.010223774290879395
2021-03-03,-0.011459339368417453,1.182084561352992,-0.021565955960071714
2021-03-04,0.0004912993258925622,1.1826653187011327,-0.02108525197380462
2021-03-08,-0.0033220692497101124,1.1787364226131771,-0.024337274556310073
2021-03-12,-0.006049989929199209,1.171605079127187,-0.03024002421953942
2021-03-16,0.0035305281190678665,1.1757414638034882,-0.026816259356300054
2021-03-17,-0.004617414716388246,1.170312577865854,-0.03130985228209804
2021-03-19,0.0030685089110076016,1.1739036924396997,-0.02833741793182043
2021-03-22,-0.023197903749588602,1.1466715875711968,-0.050877952987714914
2021-03-26,0.03801000832297585,1.190256584158498,-0.014801816081257968
2021-03-31,0.01658250881195067,1.2099940244537886,0.0
2021-05-06,-0.048318213752987504,1.1515292745403929,-0.04831821375298739
2021-05-07,0.006590675229105834,1.1591186300056964,-0.042045988178378124
2021-05-10,-0.00045221923828123536,1.1585944542617577,-0.04247919341191253
2021-05-13,-0.0028720123976216506,1.1552669566253022,-0.04522920503941419
2021-05-20,0.002616219128464728,1.1582893881357086,-0.04273131542233877
2021-05-27,0.006309402159026004,1.1655975017019888,-0.0366915223170966
2021-06-04,-0.0098740064240874,1.1540883844822831,-0.0462032364141155
2021-06-07,0.005559704908543542,1.1605047753383824,-0.04090040786585414
2021-06-09,-0.008553106843391818,1.1505788540026467,-0.049103689150831076
2021-06-11,0.03504119100069956,1.1908965073871194,-0.015783149900504778
2021-06-15,-0.006496558642134758,1.1831597783901655,-0.022177172383753274
2021-06-17,-0.0012002293476581693,1.1817397153011728,-0.023350784038268402
2021-06-30,-0.06224026403878643,1.1081879233957075,-0.08413768911300046
2021-08-03,-0.0013313169595769426,1.1067125740188926,-0.08535699214012149
2021-08-04,0.0019720469907615356,1.1088950632201244,-0.08355327314885042
2021-08-05,0.006869573165174098,1.1165126989894154,-0.07725767530676209
2021-08-09,-0.0035827096437510493,1.1125125581753754,-0.0805635931321379
2021-08-10,0.0032772374325401523,1.1161585259751987,-0.07755038172271034
2021-08-11,0.0017890281380652602,1.1181553649847098,-0.07590009339966475
2021-08-13,0.003620119172106622,1.1222032206588848,-0.07255474161083897
2021-08-18,-0.005459955888349349,1.1160760405763237,-0.07761855181050259
2021-08-20,-0.008085724404252731,1.107051757298034,-0.08507667399615826
2021-08-24,0.008559981192373166,1.1165280995194888,-0.07724494753310196
2021-08-25,-0.0014926771519028685,1.1148614835358786,-0.07862232291672222
2021-08-26,0.006529844460628216,1.1221413556185131,-0.07260586999587337
2021-08-31,-0.00995297341980295,1.1109727125327804,-0.08183619912148576
2021-09-01,0.01528675691410438,1.1279558823274722,-0.06780045229012577
2021-09-03,0.013117492446899442,1.1427518350943386,-0.05557233176403842
2021-09-07,-0.021804809832437322,1.117834348644438,-0.07616539747041562
2021-09-14,-0.013150941959040815,1.1031337740055929,-0.0883146927080356
2021-09-15,-0.0038505236645961305,1.0988861313035692,-0.09182515855842788
2021-09-30,-0.003665668871080544,1.0948579786191874,-0.09515422680419883
2021-11-01,0.00983268220295273,1.105623369180317,-0.0862571658736796
2021-11-08,-0.011863923951137383,1.0925063376097615,-0.09709774136865101
2021-11-09,-0.0012555996362451785,1.0911345870496632,-0.09823142511615335
2021-11-10,0.006615956250156213,1.098353485740616,-0.09226536367695604
2021-11-11,0.007400653812774153,1.1064820196526362,-0.08554753387966474
2021-11-15,-0.001477612591347685,1.1048470678882976,-0.08689874035779321
2021-11-16,0.00022475178606244238,1.1050953842401314,-0.08669351921883262
2021-11-17,0.0034825917166559036,1.1089439802714007,-0.083512845634096
2021-11-18,-0.0028175691568773165,1.1058194539158832,-0.08609511157291172
2021-11-22,-0.006625000031042744,1.098493399999363,-0.09214973148711114
2021-11-23,-0.009726386862743753,1.0878090282247983,-0.10097983441211345
2021-11-24,0.013052546573605847,1.1020077062288913,-0.0892453318301667
2021-12-02,0.00816798519922793,1.111008888862804,-0.08180630118042775
2021-12-03,-0.008217819331592954,1.1018788185383357,-0.08935185110873411
2021-12-08,0.01026244693733138,1.1131867914449547,-0.0800063728021585
2021-12-09,-0.011752441019771624,1.100104129334509,-0.09081854364436681
2021-12-15,0.001991128056039404,1.1022945775309918,-0.08900824693858644
2021-12-16,-0.002587045467791196,1.0994428913400194,-0.09136502402453917
2021-12-23,0.01059038386620393,1.1110864135982794,-0.08174223083469989
2022-02-11,0.00013113755201191044,1.1112321187506324,-0.08162181275873559
2022-02-16,0.0012112265838238343,1.112578072633662,-0.08050944868434506
2022-02-25,0.009588013784469782,1.1232454865303723,-0.07169336060364107
2022-03-01,-0.004538162011699852,1.1181480165335869,-0.07590616652975835
2022-03-07,-0.009654490601972507,1.107352867016349,-0.08482782176033754
2022-03-08,0.020096949463555062,1.1296072816230993,-0.06643565274380359
2022-03-14,-0.010215304647098479,1.1180679991097386,-0.07597229695869523
2022-03-17,0.010019450215217121,1.129270425764046,-0.0667140473905915
2022-03-18,0.019391722930408955,1.1511689249739674,-0.04861602478274696
2022-03-22,-0.002276550791459789,1.1485482304467138,-0.05078189872451011
2022-03-24,0.0024460666741108845,1.1513576559968186,-0.04846004796051728
2022-03-31,0.0269838445890605,1.1824257120526618,-0.022783841774401847
2022-05-02,-0.003054861449177754,1.1788135653283955,-0.025769101743678746
2022-05-16,0.01671750114921391,1.198520382461482,-0.009482395582478875
2022-05-25,0.01728208397452888,1.219233312356366,0.0
2022-05-26,0.00919340100551917,1.2304422131161454,0.0
2022-06-02,0.016633044206248927,1.2509082128401412,0.0
2022-06-09,-0.010269027711493085,1.2380626017379515,-0.010269027711493073
2022-06-14,-0.010002612542579782,1.2256787412293084,-0.020168923148685902
2022-06-17,0.006326509045389389,1.2334330088724372,-0.013970012978032353
2022-06-27,0.006080419964254353,1.2409327995641555,-0.007974536559590462
2022-06-28,-0.005783195495518529,1.2337562425874748,-0.013711613751198781
2022-08-04,0.0029699990844726833,1.2374204974984222,-0.010782338147013681
2022-08-08,-4.6513817282524094e-05,1.2373629403475,-0.010828350436589806
2022-08-09,-0.002467499465676208,1.234309747953345,-0.013269130953349584
2022-08-18,0.007748602041493876,1.243873922986172,-0.005623346127049733
2022-08-23,0.0009070760353887763,1.245002211212758,-0.004721370894171351
2022-08-26,-0.012748660681813623,1.2291301004738988,-0.017409840420502087
2022-09-07,0.010924937768975617,1.2425582703315508,-0.006675104074688409
2022-09-14,-0.0013001456389728574,1.2409427636152095,-0.007966571106208908
2022-09-30,0.0032023590439994834,1.2449167078973584,-0.004789723883241059
2022-11-02,-0.010141792804710016,1.2322910205867417,-0.014882940300735448
2022-11-07,0.0022485412476177876,1.2350618777756002,-0.012667863958269576
2022-11-08,0.016701888482961374,1.255689743527765,0.0
2022-11-11,-0.004390127380241249,1.2501771056036157,-0.004390127380241138
2022-11-16,-0.007915694832422758,1.240281085149176,-0.012271071304046477
2022-11-21,0.001397134823967232,1.2420139250447457,-0.010891080821125554
2022-11-23,0.009968509542584785,1.2543949527085774,-0.0010311391216352161
2022-11-30,0.012424633938322117,1.2699803508100602,0.0
2022-12-01,-0.00018661153659156797,1.2697433578253543,-0.0001866115365917187
2022-12-06,0.01188682321811018,1.284836572652194,0.0
2022-12-09,-0.0005357569729313142,1.2841482124993184,-0.0005357569729312894
2022-12-19,0.00884540851778975,1.2955070280362644,0.0
2023-02-07,0.00914100533568078,1.307349264691956,0.0
2023-02-08,0.0005758743204301215,1.3081021335613252,0.0
2023-02-10,-0.007844253853388694,1.2978410483595109,-0.007844253853388605
2023-02-13,0.005699658880763472,1.3052382996166125,-0.0021893045437636482
2023-03-03,-0.000317495014700824,1.3048238929634877,-0.0025061044651861764
2023-03-08,-0.005922968555357455,1.2970954620751858,-0.008414229442599841
2023-03-09,-0.013627379116305044,1.2794194504634484,-0.021926944664318992
2023-03-17,-0.008188829170663112,1.2689425031459796,-0.0299362178308914
2023-03-20,-0.0013392848574222274,1.2672430276665767,-0.031235409565084193
2023-03-22,-0.013099393680614867,1.250642912358158,-0.043925638319030735
2023-05-02,-0.011311406958310297,1.2364963814169483,-0.05474018450641105
2023-05-03,-0.005301223535842443,1.2299414376977968,-0.05975121808779171
2023-05-08,0.007406710912823316,1.2390512583665267,-0.0527870671740337
2023-05-09,0.0005944543879713649,1.2397878178239843,-0.052223992289771926
2023-05-12,-0.001863467393096633,1.237477513651111,-0.053990141976099304
2023-05-15,-0.0031795639403231915,1.2335428747717452,-0.056998040807862194
2023-05-16,-0.0123870553272047,1.2182629109334684,-0.06867905825003773
2023-05-18,0.006166638749159204,1.2257754982066942,-0.06293593844273893
2023-05-23,-0.0022279127742430528,1.2230445773158853,-0.06502363543576639
2023-05-24,0.0038629446586442543,1.2277691308331116,-0.06141187348231436
2023-05-30,0.00044062308834470906,1.2283101142593136,-0.06099830988332444
2023-05-31,0.0053429895003579125,1.2348729623029844,-0.05598123371221286
2023-06-06,0.010220450631771037,1.247493920450711,-0.04633293651590309
2023-06-07,-0.005788419535384744,1.2402729022713004,-0.05185316157642739
2023-06-13,0.007393199338298387,1.2494424870716818,-0.04484332299798466
2023-06-16,-0.009995054163130412,1.236954241739684,-0.054390165718895545
2023-06-21,0.006171547300569536,1.2445881633512204,-0.048554289898746106
2023-08-07,0.002211526478533643,1.247340603029341,-0.04645014251796997
2023-08-09,-0.005554860170585746,1.240411800394419,-0.05174697864196465
2023-08-15,-0.0033162949033648317,1.2362982290626974,-0.05489166530379452
2023-08-16,-0.007418213223655224,1.227127105191483,-0.06190268045002467
2023-08-22,0.0002971757449237986,1.2274917776030843,-0.06162390068027657
2023-08-23,0.019684678603145246,1.2516545587332044,-0.04315226875629474
2023-08-24,-0.004564908497854322,1.2459408702016652,-0.047520191095801634
2023-08-25,-0.0025274926081154127,1.2427917638620816,-0.04992757677218618
2023-08-29,0.007616733241906251,1.252257777202657,-0.04269112856396862
2023-08-30,0.008650443780449053,1.2630903627029788,-0.034409981991086025
2023-08-31,-0.010322265323543838,1.2500524088515474,-0.04437705835073946
2023-09-08,0.0016651608381600578,1.2521339471684148,-0.042785792452257776
2023-09-12,-0.0038835552091734922,1.2472712158553059,-0.046503186674274666
2023-09-15,0.0033776312006885425,1.2514840380296994,-0.043282626087828735
2023-09-19,0.0028592310679274955,1.2550623200722493,-0.04054715004911302
2023-09-22,-0.003007260922486008,1.2512880202018113,-0.0434324751117382
2023-11-01,0.00850273574099868,1.2619273915734646,-0.03529903422919223
2023-11-07,0.00203791584021813,1.2644990933939573,-0.033333054849974175
2023-11-08,-0.005639991989135745,1.257367328636946,-0.038785048676782674
2023-11-09,-0.009197491305381784,1.2458027035641366,-0.047625814834180935
2023-11-10,0.007049306636704379,1.2545847488303954,-0.040912237170065646
2023-11-15,0.0006380120849608926,1.255385189061757,-0.04030032758684199
2023-11-16,-0.002215500527037873,1.252603882513755,-0.042426542716871296
2023-11-17,0.004142817062536537,1.2577931912508327,-0.0384594910594066
2023-11-21,0.0005194370910765332,1.258446535687272,-0.0379600312544901
2023-11-22,-0.015272013609143216,1.2392275230678769,-0.052652318749711324
2023-11-30,0.0033717873067098995,1.2434059347002826,-0.049458063863030644
2023-12-01,0.009889120879120914,1.25570212629035,-0.0400580397558985
2023-12-07,0.0041507264195062305,1.2609142022809736,-0.03607358330032062
2023-12-11,-0.0076957313658019945,1.2512105453048947,-0.04349170205964148
2023-12-14,0.009395513274493656,1.2629663105924933,-0.03450481564917951
2023-12-15,-0.0020328388634613098,1.2603989035930785,-0.03646751178241259
2023-12-18,0.0004591979054344073,1.2609776761296203,-0.03602505968200509
2023-12-19,0.011058702388702732,1.2749224529687357,-0.025364747706860924
2023-12-20,-0.029456444679489692,1.2373677702622228,-0.05407403709871428
2024-02-02,0.0015582885706166415,1.2392959463162718,-0.052600011482075715
2024-02-05,-0.002282945523410255,1.2364667011834487,-0.05476287404474156
2024-02-20,0.0016951200966182944,1.238562660737424,-0.05316058359646503
2024-02-26,-0.016152168966757297,1.2185571873652767,-0.06845409383460077
2024-02-27,-0.002791715105727117,1.215155322858117,-0.07105470461252095
2024-02-28,-0.01003357391879955,1.2029629721033972,-0.08037534590031226
2024-02-29,0.006175537828420794,1.2103919154438112,-0.07469616906097132
2024-03-01,0.013917615980605353,1.2272376853089875,-0.06181814567657895
2024-03-05,-0.00966849268796398,1.2153721467221836,-0.07088895007508544
2024-03-08,-0.00013258441689589448,1.215211007314799,-0.07101213572187126
2024-03-11,0.0075078800187623924,1.2243346657551981,-0.0640374062979846
2024-03-13,-0.011591690867440139,1.2101425567914732,-0.07488679534766585
2024-03-19,0.006346704912056462,1.2178229745009501,-0.06901537482749065
2024-03-20,0.0033215084285417597,1.2218679837752269,-0.0659231015481373
2024-05-07,0.00431839848627778,1.227144496626793,-0.06188938528379584
2024-05-14,0.0029327301819727803,1.2307433803296923,-0.0591381599699885
2024-05-15,-0.014431606700750743,1.2129817759152217,-0.07271630800504625
2024-05-16,-0.0012160876887817107,1.2115066837108146,-0.07384396628688938
2024-05-20,0.0011390302931579609,1.2128866265239246,-0.0727890465082991
2024-05-24,-0.00099,1.2116858687636658,-0.07370698535225595
2024-06-03,-0.0159712518936136,1.1923337285377094,-0.08850104441648976
2024-06-05,-0.003399142323773138,1.1882808164969747,-0.09159935909448857
2024-06-11,-0.0029283241589443064,1.1848011450744165,-0.09425945063725272
2024-06-13,0.007578258887778032,1.1937798748823263,-0.08739551426902348
2024-06-18,0.0009296299158608277,1.1948896483669693,-0.08654712983773938
2024-08-06,-0.0021529151368649174,1.192317152356117,-0.0885137163487244
2024-08-09,-0.006314700622280425,1.1847880264921782,-0.09426947935129715
2024-08-12,-0.00857870239800221,1.1746240826081855,-0.10203947194072982
2024-08-14,-0.008126760224381737,1.1650781943350443,-0.10933698184322682
2024-08-20,0.0003485732869071387,1.1654843094707474,-0.10902652050746131
2024-08-21,0.009112030985656468,1.1761042386119414,-0.10090794255492719
2024-08-26,0.00508598008148482,1.1820858813432715,-0.09633517825934035
2024-09-04,0.010967816544831172,1.1950507824300798,-0.08642394827647104
2024-09-12,-0.00029509639888953415,1.1946981272476944,-0.0866935412794465
2024-09-16,0.007121410686489884,1.2032060632582056,-0.08018951090427373
2024-09-17,-0.010146492553190362,1.1909977418974027,-0.08952236118222989
2024-09-18,-0.021284132871648452,1.1656483877090251,-0.10890108822349209
2024-09-23,-0.004813686019234022,1.1600373223617675,-0.11319055859686533
2024-11-04,0.003378779937268255,1.1639568331930457,-0.11019422464807249
2024-11-05,0.0006691315685099972,1.164735673454518,-0.10959882751394201
2024-11-07,-0.009293450837129336,1.1539112597350178,-0.11787372703576338
2024-11-11,0.004647366650901636,1.1592739084416104,-0.1137741628129052
2024-11-13,-0.0031148150492696846,1.1556629846253708,-0.1165345923876272
2024-11-14,-0.002569590336757415,1.1526934041875292,-0.11880473656188739
2024-11-20,0.002078908749120178,1.1550897485905478,-0.11697281201904253
2024-11-21,-0.00099,1.153946209739443,-0.11784700893514377
2024-11-22,0.015099379440046823,1.171370081413703,-0.1045270461988832
2024-11-27,0.004787709913615151,1.1769782615649995,-0.10023978146059531
2024-12-10,-0.011920272933751789,1.162948359450052,-0.1109651688405171
2024-12-11,0.0034387381489591087,1.1669474343389623,-0.10790801085085566
2024-12-13,-0.004700652740754525,1.1614620196834204,-0.11210142550465474
2024-12-16,-0.009054035728968849,1.1509461010593665,-0.1201404909218361
2024-12-17,0.008460618538526147,1.1606838169788336,-0.11269633524803091
2024-12-18,-0.016421096511464714,1.1416241160009288,-0.12726683436189934
2025-02-04,0.008167903459443609,1.150948791567397,-0.12013843411911285
2025-02-06,-0.011155186612353783,1.1381097430161997,-0.12995345407955183
2025-02-07,-0.0020936808072245273,1.1357269044907314,-0.13177505383413757
2025-02-13,-0.001148066617320181,1.1344230143452934,-0.1327718339111551
2025-02-14,-0.0009147016077336925,1.1333853557902216,-0.13356508890894847
2025-02-18,0.011178141216374985,1.1460544973498161,-0.12387995711797539
2025-02-20,-0.006979390381299268,1.1380557356145682,-0.12999474091812957
2025-02-21,-0.022453797233373343,1.1125020628868012,-0.14952966259752232
2025-02-25,-0.0013943612392943695,1.1109508331316769,-0.15071552547116585
2025-02-26,-0.00466284729954557,1.1057706390394808,-0.15467560928976876
2025-02-27,-0.010234980251029802,1.094453098386743,-0.16332748773440176
2025-02-28,-0.009574401358222146,1.0839743651550386,-0.17133812617222466
2025-03-03,-0.011301921643080127,1.071723371816949,-0.18070359773883404
2025-03-05,0.0034502453530771303,1.0754210804003446,-0.17787682413413963
2025-03-07,0.005388791334078985,1.0812163001988917,-0.17344657388848828
2025-03-17,0.0029956176383564405,1.084455210818646,-0.1709705358661846
2025-03-18,-0.0013518400855520997,1.0829892007936754,-0.17209125112790458
2025-03-25,-0.0024874461758199354,1.0802953234477068,-0.17415062957921434
2025-03-26,-0.0012006309809215858,1.0789982874138309,-0.17514216991891618
2025-05-09,-0.004458453426612055,1.074187623802002,-0.178819760137909
2025-05-13,0.0001481003498152634,1.0743467113648542,-0.17869814305712417
2025-05-14,0.002494223590445094,1.0770263722766573,-0.17664963259066102
2025-05-15,0.0006742210681393011,1.0777525261477878,-0.17609451242649343
2025-05-16,-0.013048818754540488,1.0636891287718373,-0.18684550580471138
2025-05-20,-0.00782699637604909,1.0553636378156972,-0.19321006308394606
2025-05-22,0.01131402608290129,1.0673040495408894,-0.1840820206942556
2025-05-28,0.013254979085672044,1.0814511423956068,-0.17326704494293432
2025-05-30,-0.0006798721135331112,1.0807158939217434,-0.17382911762441655
2025-06-04,0.006948136525356519,1.0882248554978344,-0.16808876954039664
2025-06-10,0.008035969964104973,1.0969697977508075,-0.16140355587962174
2025-06-17,0.002067148679924054,1.0992373974201446,-0.15967005234716924
2025-06-20,-0.0166342536122834,1.0809524037713516,-0.17364831381442325
2025-06-26,-0.024298042062442148,1.0546873767970173,-0.19372704184373046
2025-06-30,-0.0036571482453478335,1.0508302287075737,-0.1966757015779229
2025-08-05,-0.006586488005405989,1.0439089480104733,-0.20196678743393115
2025-08-06,-0.004597014673391389,1.0391100832587845,-0.20563535782195108
2025-08-08,-0.002221786641852492,1.0368014023563858,-0.20740026657270216
2025-08-11,-0.003933402451725465,1.0327232451784047,-0.21051788030740215
2025-08-12,-0.0008000581357908138,1.0318970065440796,-0.2111495119003235
2025-08-13,0.012366852314521377,1.0446583244278067,-0.20139391441575683
2025-08-14,0.009397603056383319,1.0544756086903257,-0.19388893142502406
2025-08-15,-0.0058748757134598735,1.048280695546395,-0.19862473376414647
2025-08-19,0.009160393290165544,1.0578833589960883,-0.19128382115241493
2025-08-22,-0.0021342484642999818,1.0556255730617423,-0.19300982241517495
2025-08-25,0.008251205175582893,1.064335756253667,-0.1863511808852425
2025-08-27,0.028077350965067152,1.0942194848266713,-0.1635060774286451
2025-08-28,0.008939642392256756,1.1040014157196611,-0.15602812089756113
2025-09-05,-0.0005181961875449151,1.103429326394991,-0.1564654639077071
2025-09-09,0.015384042919711873,1.1204045305111203,-0.143488492400204
2025-09-11,-0.00844053722278408,1.1109477143667654,-0.15071790966184295
2025-09-12,-0.0015232555980698537,1.1092554570416933,-0.15201158336029108
2025-09-15,-0.009058470898710941,1.0992072987648447,-0.15969306175486586
2025-09-16,0.003391180257915838,1.102934908855773,-0.1568434294552994
2025-09-19,-0.0015849277362430362,1.1011868367274567,-0.15817977168995123
2025-09-29,-0.0011707815462272588,1.0998975875000678,-0.1591653592784974
2025-11-05,-0.011460036067079142,1.0872927214772237,-0.16880135458761547
2025-11-06,-0.0036617195418120452,1.0833113604713205,-0.17184497091064965
2025-11-11,-0.0006383432431695493,1.0826198359841148,-0.17237361807776574
2025-11-13,0.00284585996693483,1.0857008204347516,-0.17001830928987416
2025-11-17,-0.008020587305597742,1.0769928622166955,-0.17667524990226235
2025-11-19,-0.002004642735726277,1.0748338762990237,-0.1783257218816895
2025-11-21,0.002955518750674635,1.0780105679742857,-0.1758972481457638
2025-11-25,0.01373349829472723,1.0928154242712584,-0.16457943440849365
2025-11-26,0.0016294037691805825,1.0945960618425847,-0.1632181969900679
2025-11-28,0.020910236961596166,1.1174843248729431,-0.14572089120397858
2025-12-10,-0.008375635778970849,1.1081246831790983,-0.15287602187283778
2025-12-11,0.005928228212035373,1.1146938991883735,-0.14785407760661262
2025-12-12,-0.003996845078632261,1.110238640363221,-0.15125997284280723
2025-12-16,0.031124560174296732,1.1447943297330354,-0.12484331279521899
2025-12-17,-0.007261249214844878,1.1364816928051027,-0.13119804360305076
2025-12-19,0.010642085418277615,1.1485762280562433,-0.12195217897150779
2025-12-22,0.006802484568901659,1.156389400123803,-0.11597927221820381
2025-12-23,-0.0011351859039800641,1.1550766831772705,-0.11698280008720796
2025-12-30,-0.0066229170818463655,1.1474267060814134,-0.1228309497840745
2025-12-31,-0.010989974954006877,1.13481651532002,-0.13247101567637753
2026-02-03,-0.010509369987738158,1.1228903086923263,-0.1415881987477211
2026-02-04,0.006093745777348868,1.1297329167693462,-0.13635725545861355
2026-02-09,0.0006009772258039544,1.1304118605235656,-0.13583822583791338
2026-02-10,0.004803670473667668,1.1358419866010463,-0.13168707743889874
2026-02-17,-0.005079505610913583,1.130072470856995,-0.13609767780107673
2026-02-18,0.011536176581665435,1.1431091864308802,-0.12613154806287907
2026-02-19,-0.00034133788355631794,1.14271899996051,-0.12642983247077
2026-02-23,-0.0016912424468993996,1.1407863850828983,-0.1279072514184405
2026-02-24,0.01080007865175297,1.1531069677666426,-0.11848858114213623
2026-02-25,0.00045269393417985977,1.153628972296411,-0.11808952626990898
2026-02-26,0.0070688285807791,1.1617837777473947,-0.11185545230751737
2026-03-04,-0.00020021245211622547,1.161551174168423,-0.11203326990524454
2026-03-05,-0.005530635093005453,1.1551270584822455,-0.11694428986412786
2026-03-10,-0.003551275806208588,1.1510248837063606,-0.12008026424306772
2026-03-11,0.004808068200409273,1.1565590898475888,-0.1158495501426624
2026-03-13,-0.0049817608785524305,1.150797389020052,-0.12025417626451607
2026-03-18,-0.003969389470125915,1.1462294259818273,-0.12374623007363905
2026-03-20,-0.011405344837051364,1.1331562841161291,-0.13374020648441554
2026-03-27,0.009709661681602831,1.1441588482672789,-0.12532911696100413
2026-05-01,-0.013720437539680712,1.1284604882541547,-0.13732998417951803
2026-05-04,-0.004926543077185264,1.122901079047869,-0.14157996517385374
2026-05-07,-0.007884090871753744,1.1140480249006652,-0.14834782673455715
2026-05-08,-0.003310837596854521,1.1103595928151226,-0.15116750876924723
2026-05-11,-0.004453906010998305,1.1054141555503139,-0.15494812890427034
2026-05-12,0.0001595400608295155,1.1055905133919322,-0.1548133092773517
2026-05-13,-0.010708807180779564,1.0937509577631188,-0.1638642505800617
2026-05-14,-0.0008241357453218597,1.0928495585023463,-0.16455333993910015
2026-05-18,0.0021278467213030968,1.095174974852283,-0.162775637502666
2026-05-20,0.00918613097305928,1.105235395609693,-0.15508478485492938
2026-05-21,0.001859542034970767,1.1072906272863667,-0.1535136294963808
2026-05-22,0.05086715048410468,1.1636153462541812,-0.11045527990522952
2026-05-27,0.0036476769023339275,1.1678598390759138,-0.10721050817614663
2026-05-28,0.022090030304061523,1.193657898311997,-0.0874887612466102
2026-05-29,-0.0013280454394941608,1.1920726663838275,-0.0887006176357239
2026-06-02,-0.01899001144409181,1.1694351928070095,-0.10600620333581534
2026-06-03,-0.00968414122770337,1.1581102172432198,-0.11466376551940205
2026-06-04,0.008436673107193642,1.1678808145682018,-0.10719447311913555
2026-06-10,-0.004211262708324389,1.1629625616460433,-0.11095431174027481
2026-06-11,0.0038321518000385825,1.1674192107200327,-0.10754735370569368
2026-06-12,0.002137729085705972,1.1699148367220007,-0.1056395317260953
2026-06-16,0.004590997760706552,1.1752859131176088,-0.10153352481898525
2026-06-17,-0.0037636661999682786,1.1708625292511092,-0.10491505272342871
2026-06-30,-0.02047089742026445,1.1468939225215784,-0.12323824486155022
2026-08-03,0.003923813412041425,1.1513941202769573,-0.11979799532757296
2026-08-04,0.004681774391697672,1.156784687784021,-0.11567708812257682
2026-08-07,0.00451079287384395,1.162002703910249,-0.11168809063350327
2026-08-11,0.004154930788876696,1.1668307447214836,-0.10799721613115054
2026-08-13,-0.00370505874251333,1.16250756826972,-0.11130213884387008
2026-08-14,0.005931525811550689,1.1694030119170347,-0.10603080454175273
2026-08-17,-0.004225299495279838,1.164461933961003,-0.10980809213211806
2026-08-19,0.01554351298460442,1.1825617631516034,-0.0959713826533839
2026-08-20,0.014687303873497383,1.1999304071161898,-0.08269363964007648
2026-08-21,0.01423190877836044,1.2170077072106484,-0.06963861919762415
2026-08-25,-0.017575355165362176,1.1956183645174383,-0.08599005089736256
2026-08-28,-0.009966735922472072,1.1837019520142351,-0.09509974669058063
2026-08-31,-0.008279165445928454,1.1739018877148408,-0.10259156559979188
2026-09-03,0.008322903951301093,1.1836721603745426,-0.0951225213951914
2026-09-08,0.013312871032851722,1.1994302351907857,-0.08307600422199357
2026-09-09,0.0018324299720904559,1.201628107103181,-0.081395805210001
2026-09-16,-0.010001926536539965,1.1896095110516933,-0.09058361688244798
2026-09-22,-0.007134033512517571,1.181122796933041,-0.09707142383644107
2026-09-23,0.035774054582246806,1.2233763483388593,-0.06477000766889573
2026-09-25,0.004925968792673639,1.2294026620524716,-0.06016309391270025
2026-09-28,-0.008274039615364671,1.2192305357234148,-0.0679393417056483
2026-09-30,-0.00099,1.2180234974930486,-0.06886208175735964
