min_atr,min_dvol_m,n,win_rate,mean,median,std,t_stat,avg_win,avg_loss,profit_factor
0.03,5.0,2335,0.4877944325481799,0.00012705470902222608,-0.0007396367466739858,0.036243059924323834,0.16939841842588543,0.02609080079961916,-0.024599288766889067,1.0100837929681634
0.03,10.0,1798,0.4838709677419355,-0.0006170670168940688,-0.0011208947487248962,0.03527605542075891,-0.7417322476116194,0.024762669431941088,-0.02441056993767703,0.951022555053623
0.03,20.0,1331,0.4823441021788129,-0.0005830707684842149,-0.0012639320056729826,0.034475992060635105,-0.6170118783162775,0.024071983374820253,-0.023556285224219296,0.952183993867469
0.03,30.0,1036,0.4826254826254826,-0.00016686138284745572,-0.001248569552680487,0.03306662837214706,-0.16242235444839487,0.02351659864706052,-0.022259641261492956,0.9855111924714777
0.03,50.0,766,0.48172323759791125,8.130232470616487e-05,-0.0013745284084893923,0.03369643582443907,0.06677799601518988,0.02414707018830001,-0.02228713178528409,1.0070386123224253
0.03,100.0,437,0.4782608695652174,-0.0005006214132432872,-0.001384531187037183,0.03154713765260307,-0.33173414832464754,0.022144206537817464,-0.02125838036838231,0.9548637121570148
0.04,5.0,1625,0.4916923076923077,0.0007186829919003157,-0.000601939854330988,0.041392945769927546,0.6999027747655813,0.030908293013186827,-0.02848409958316981,1.049637304511418
0.04,10.0,1231,0.487408610885459,-0.0001613963573745954,-0.0010878436725497683,0.04051473794603787,-0.13976863409411666,0.02957470338440891,-0.028436610057961133,0.9889275277706566
0.04,20.0,890,0.4887640449438202,7.900973506668073e-05,-0.000859418398301723,0.03982093997924731,0.05919214817212679,0.028741078697538384,-0.027323188064219454,1.0056562402009082
0.04,30.0,679,0.5007363770250368,0.0008779249007062086,7.51588566838806e-06,0.0381900044508293,0.5990216862026598,0.027550571691532147,-0.02587340226413397,1.0679632130490864
0.04,50.0,481,0.5031185031185031,0.0016536540920309083,8.368689301996562e-05,0.039620321767812716,0.9153753428965545,0.029204410533034093,-0.026242927743629227,1.1268176089538962
0.04,100.0,256,0.48828125,0.00034296668335864365,-0.0012692385059686036,0.03755997362801012,0.14609879623680178,0.026772952101892303,-0.0248764850518834,1.0269421088875037
0.05,5.0,1124,0.505338078291815,0.0017275022938540597,0.00040197336047964865,0.04641397901943087,1.2478230011685791,0.03531272800936141,-0.03258258440831892,1.1071826828133986
0.05,10.0,832,0.5012019230769231,0.0006128547496621334,9.385522006855312e-05,0.04586290127685221,0.3854408095082692,0.03404449265972633,-0.03297989948767949,1.03725490481404
0.05,20.0,586,0.515358361774744,0.0017340105050998587,0.0011407603438139428,0.045781924026787,0.9168673168079644,0.033666165908756235,-0.03222201390301361,1.1110397101570357
0.05,30.0,426,0.528169014084507,0.002934693385503491,0.0019402587181084367,0.044419654904844307,1.3636168294388864,0.032651913075496704,-0.030330851043593392,1.2050650643654996
0.05,50.0,302,0.5264900662251656,0.003631473381490588,0.002031906369164063,0.046431495541799324,1.3591696375288151,0.03508568473500505,-0.03134209029129822,1.2446954045415848
0.05,100.0,152,0.5263157894736842,0.003242796920021738,0.0017666739572473915,0.04513500943917604,0.885784360785617,0.032990277993919674,-0.029809959828753747,1.2296515878673355
0.06,5.0,804,0.48880597014925375,0.0011533990778079153,-0.0006019589125704191,0.05037747123488214,0.64918916153566,0.03916215288488604,-0.035190737774215684,1.0641158574698555
0.06,10.0,596,0.4899328859060403,0.00019629902108263394,-0.0012467230006327741,0.049934661440787335,0.09597080861359587,0.037569078500191255,-0.035701239162798014,1.0107797209738658
0.06,20.0,409,0.4938875305623472,0.0015276984210053509,-0.000601939854330988,0.050649031055346884,0.609997622430537,0.038548297399325845,-0.034598683190689046,1.0872430866033482
0.06,30.0,298,0.5067114093959731,0.0032261002356409416,0.0005872562633055826,0.04924792603047398,1.1308318789962364,0.03772011956545227,-0.03220653186504961,1.203063947993874
0.06,50.0,212,0.5047169811320755,0.0033327411705405003,0.0004540173146261343,0.05121796758160836,0.9474300953236817,0.039587240813427634,-0.03361232037030639,1.200193353245146
0.06,100.0,96,0.46875,0.0009950951473037689,-0.003938700182867458,0.05011728862218305,0.19454167800570243,0.03728621791422961,-0.03102648376468962,1.0603716583382043
0.07,5.0,576,0.4826388888888889,0.0010859193017870535,-0.0015632926089389461,0.054596065667278544,0.47736156304224775,0.04334729002858581,-0.03833911781918629,1.0547471677209768
0.07,10.0,423,0.491725768321513,0.0010851172549248922,-0.0012696008576443792,0.054356143306983136,0.4105804044275163,0.04216411260019866,-0.038656422427944606,1.0552276950830535
0.07,20.0,287,0.49825783972125437,0.0022826624231920374,-0.000601939854330988,0.05552062515401261,0.6965114984038389,0.04309155836884384,-0.03824283841172608,1.1189627447372166
0.07,30.0,214,0.5093457943925234,0.004589731890650431,0.0005872562633055826,0.05360542886611567,1.2525221901304568,0.04239094354517614,-0.03465152592214293,1.2699537888024415
0.07,50.0,158,0.4936708860759494,0.004885773190406406,-0.0015632926089389461,0.055334600879275775,1.1098519866661254,0.0448845255321669,-0.03411301034281009,1.2828657440103763
0.07,100.0,72,0.4583333333333333,0.003774291484874581,-0.003938700182867458,0.05322792870701977,0.60167521103127,0.04263714526816202,-0.029109661716368633,1.239368042445811
0.08,5.0,424,0.5023584905660378,0.004043620048290735,0.00020129134114432994,0.05874039700251879,1.4174782116673892,0.04793702410326383,-0.040265835229952245,1.2017980802408308
0.08,10.0,310,0.5064516129032258,0.00417399294399005,0.00047084587647017433,0.05858512824715934,1.2544263628927557,0.0474644428593313,-0.04024823343972615,1.2101237536097267
0.08,20.0,218,0.4954128440366973,0.0041248032759674536,-0.0007287888644480463,0.06018070746677325,1.0119852871712338,0.04897007927893426,-0.03990510407239995,1.2048512419339712
0.08,30.0,157,0.5031847133757962,0.00687085195225902,0.0004934465082401277,0.05846132022086821,1.4726237429764861,0.04894323331902641,-0.03574091891921054,1.386945612151745
0.08,50.0,116,0.5172413793103449,0.008449683169224677,0.002192875861136148,0.060986196588106736,1.4922372267831916,0.050661169563423494,-0.03677690939598836,1.4759213164921448
0.08,100.0,52,0.4807692307692308,0.007476950060938495,-0.003938700182867458,0.05958408619607466,0.904890166145515,0.04877952491783665,-0.03076617480655979,1.4680481749763894
0.1,5.0,226,0.49557522123893805,0.006891696338583396,-0.00044518515906321905,0.06484405739442402,1.5977549488841927,0.055772644727991816,-0.041131691552765234,1.332164450526708
0.1,10.0,157,0.4968152866242038,0.007583188293820173,-0.000601939854330988,0.06511741137120818,1.45916545174627,0.05679231675895485,-0.04100303981099634,1.3675431609917004
0.1,20.0,111,0.46846846846846846,0.0063484086778646176,-0.0018584213903481946,0.06597650516431153,1.0137644536492811,0.059399196612636075,-0.04040821797651024,1.2955739432284548
0.1,30.0,76,0.47368421052631576,0.01160239190975033,-0.0017576463683978112,0.06432994524467424,1.572320748777335,0.06337016794172393,-0.0349886065190259,1.63004923092717
0.1,50.0,61,0.4918032786885246,0.014279701565685782,-0.001656871346447428,0.0639740169630691,1.7433333065488756,0.06334219541705663,-0.03320013119370535,1.8463450771640944
0.1,100.0,27,0.4074074074074074,0.006618767199956905,-0.0059850718650553665,0.06839898838918777,0.5028162554933902,0.0652747019703648,-0.03370718795469853,1.3313586901683496
