strategy,n,win_rate,mean,median,std,t_stat,avg_win,avg_loss,profit_factor,period,total_return,max_drawdown,stop_hit_rate
day_v2,592,0.5067567567567568,0.005717952903230785,0.0005872562633055826,0.05201094544844192,2.6748946299590153,0.04196780365763748,-0.031525044447187046,1.3677254783829527,all,0.791116966250899,-0.18245424942573585,0.008445945945945946
day_v2,214,0.5093457943925234,0.004589731890650431,0.0005872562633055826,0.05360542886611567,1.2525221901304568,0.04239094354517614,-0.03465152592214293,1.2699537888024415,train,0.2264997194209717,-0.15191647972872802,0.014018691588785047
day_v2,378,0.5052910052910053,0.006356681201358288,0.0005375663056642636,0.0511472043157528,2.4163199017170265,0.041726325920769865,-0.029769533458575463,1.431626992441783,test,0.46034845168695493,-0.18245424942573563,0.005291005291005291
day_v1_feb_may_aug_nov,743,0.48721399730820997,0.001122083195070033,-0.0012696008576443792,0.03113588448046761,0.9823319233812943,0.023391299078746,-0.020036594363698212,1.1092106495584688,all,0.14108454835035955,-0.12066817042933176,0.012113055181695828
day_v1_feb_may_aug_nov,340,0.47941176470588237,-0.0002635343044617139,-0.001075629382468632,0.02850929003302564,-0.1704473337071505,0.020511865893295594,-0.019395682509176074,0.9739001663165462,train,-0.003831037835285822,-0.12066817042933176,0.020588235294117647
day_v1_feb_may_aug_nov,403,0.49379652605459057,0.0022910905147742354,-0.001493941403175045,0.03318091261204544,1.3861379172961905,0.025749829778386284,-0.020592679649239484,1.2197881444939553,test,0.1454728983632816,-0.11083502867975448,0.004962779156327543
day_v1_post_earnings_8mo,1178,0.47877758913412566,0.0011022285507042615,-0.001485954584129143,0.03675833688389668,1.0291731508644764,0.026617366163925772,-0.02233512912658716,1.0946804052092802,all,0.2180234974930486,-0.2111495119003235,0.011035653650254669
day_v1_post_earnings_8mo,535,0.4822429906542056,0.00044678495459949557,-0.001223845143621169,0.03763504444382177,0.2745889128804551,0.02580766406447987,-0.02317453927048764,1.0372358647442432,train,0.11108641359827942,-0.12770456000417196,0.018691588785046728
day_v1_post_earnings_8mo,643,0.4758942457231726,0.0016475820871211342,-0.0016235059785797397,0.036032966065578424,1.1594513627099454,0.027300056169340944,-0.021645168859938994,1.145233617646467,test,0.09624551482764598,-0.21114951190032416,0.004665629860031105
swing_5d,984,0.5233739837398373,0.015927798020138547,0.004112571350556429,0.19043874875253214,2.62360209877076,0.11300618421293224,-0.0906721356457223,1.3685565640808859,all,,,
swing_5d,355,0.5690140845070423,0.013747339583208621,0.018739110153428554,0.1790667567638763,1.4464981061107243,0.11465500143357468,-0.11947715514734003,1.26697507041757,train,,,
swing_5d,629,0.49761526232114467,0.017158422416180083,-0.000870191808088336,0.19669548407094326,2.1878033801966708,0.11194209131015338,-0.07672540151993905,1.4451452549015453,test,,,
swing_10d,982,0.5468431771894093,0.02211579623023156,0.011454280815535681,0.20343237067123332,3.406734303391527,0.1402263787964894,-0.12041315396770205,1.4053032858443737,all,,,
swing_10d,355,0.5690140845070423,0.026438140944651373,0.020647232718445156,0.21491668653706325,2.317794637896126,0.15094132480025182,-0.13793861159672963,1.444715212178623,train,,,
swing_10d,627,0.5342902711323764,0.019668535666245855,0.00846130682890001,0.19676725029739406,2.5029546530243754,0.13376542628078786,-0.11123029431961567,1.379693909304842,test,,,
swing_20d,973,0.527235354573484,0.03645774391308888,0.012568761057196402,0.30264806841744213,3.757580589043336,0.21259754985825194,-0.15997643097792993,1.48204634583531,all,,,
swing_20d,355,0.5830985915492958,0.06374808786647479,0.038996379868614706,0.2870347025366305,4.1845323813447655,0.2282392390001707,-0.16631723838132967,1.9193831397336394,train,,,
swing_20d,618,0.49514563106796117,0.020781251836305702,-0.003,0.3104062945679719,1.664314601538634,0.20201640720342448,-0.1569686120814454,1.2622362755737622,test,,,
