variant,hold_days,group,period,measure,n,win_rate,mean,median,std,t_stat,avg_win,avg_loss,profit_factor
swing_5d,5,insider,all,raw,984,0.5233739837398373,0.015927798020138547,0.004112571350556429,0.19043874875253214,2.62360209877076,0.11300618421293224,-0.0906721356457223,1.3685565640808859
swing_5d,5,insider,all,minus_spy,984,0.508130081300813,0.01316985910557936,0.002065336713506839,0.1820338687739064,2.269480621384855,0.10440878449837719,-0.08108522911012088,1.330209160757941
swing_5d,5,insider,train,raw,355,0.5690140845070423,0.013747339583208621,0.018739110153428554,0.1790667567638763,1.4464981061107243,0.11465500143357468,-0.11947715514734003,1.26697507041757
swing_5d,5,insider,train,minus_spy,355,0.5211267605633803,0.011630509268571508,0.004272240626792878,0.16007340376100335,1.3689693616883725,0.10578256504045826,-0.09082908083612878,1.2673949765825747
swing_5d,5,insider,test,raw,629,0.49761526232114467,0.017158422416180083,-0.000870191808088336,0.19669548407094326,2.1878033801966708,0.11194209131015338,-0.07672540151993905,1.4451452549015453
swing_5d,5,insider,test,minus_spy,629,0.5007949125596184,0.014038649554129102,0.00010668260239921068,0.1934475139131652,1.8200675339554515,0.10360196100540893,-0.07580989537311024,1.3709543199454963
swing_5d,5,control,all,raw,36932,0.4692678436044623,0.0005019262428031844,-0.007543750341184205,0.1477674808170876,0.6527733971376555,0.1040591805962927,-0.09106231921407792,1.0103854613616996
swing_5d,5,control,all,minus_spy,36932,0.4475793349940431,-0.0037392963511556614,-0.012117426403003114,0.14082846276477023,-5.102709688767701,0.09640182891828987,-0.08487510660034371,0.9202483574166866
swing_5d,5,control,train,raw,13291,0.4810774208110752,0.006579799143318963,-0.004973017633786323,0.16347420238055813,4.640259177822354,0.11399737607190048,-0.09300378602144112,1.136335652233734
swing_5d,5,control,train,minus_spy,13291,0.4489504175758032,-0.0005476872355653999,-0.011942786009933148,0.15568874349698672,-0.405559178537883,0.10564812549686317,-0.08706740522770103,0.9885847260111925
swing_5d,5,control,test,raw,23641,0.4626284844126729,-0.0029150615631591357,-0.00918132898311141,0.13804139927153058,-3.246917841911747,0.09824910270738017,-0.0900082971288777,0.9397314776561463
swing_5d,5,control,test,minus_spy,23641,0.44680851063829785,-0.00553362301903393,-0.012263091612424334,0.1317094758136544,-6.459895155833306,0.09117862985700548,-0.08364736572660425,0.8804135948779169
swing_10d,10,insider,all,raw,982,0.5468431771894093,0.02211579623023156,0.011454280815535681,0.20343237067123332,3.406734303391527,0.1402263787964894,-0.12041315396770205,1.4053032858443737
swing_10d,10,insider,all,minus_spy,982,0.5040733197556008,0.012902333054877506,0.0014865169172926258,0.19184082545170472,2.107574609312384,0.13076038945454868,-0.10689178997969587,1.2433920705318688
swing_10d,10,insider,train,raw,355,0.5690140845070423,0.026438140944651373,0.020647232718445156,0.21491668653706325,2.317794637896126,0.15094132480025182,-0.13793861159672963,1.444715212178623
swing_10d,10,insider,train,minus_spy,355,0.5295774647887324,0.01488530467197768,0.008591151084738183,0.19285650093933535,1.4542451423300413,0.13148473975394726,-0.11637633482149704,1.2718973249295127
swing_10d,10,insider,test,raw,627,0.5342902711323764,0.019668535666245855,0.00846130682890001,0.19676725029739406,2.5029546530243754,0.13376542628078786,-0.11123029431961567,1.379693909304842
swing_10d,10,insider,test,minus_spy,627,0.48963317384370014,0.011779597928768152,-0.0019525647051595839,0.19140858345981998,1.5410006722768006,0.13031681337543818,-0.10194204314038088,1.2264095262432257
swing_10d,10,control,all,raw,18397,0.4804587704517041,0.005572612566699069,-0.006853530322311283,0.2011338624172748,3.7579168000157983,0.14476018146209824,-0.12314457946787229,1.0871010784241115
swing_10d,10,control,all,minus_spy,18397,0.45159536881013207,-0.0031443209310049905,-0.015315573297822179,0.19220874487396328,-2.2188463435343535,0.13402739134416025,-0.11610126270740233,0.9506157104963364
swing_10d,10,control,train,raw,6697,0.5112737046438703,0.018458276005632678,0.004352934086817919,0.20885629528170618,7.232421273958175,0.15166908275737542,-0.1208982172170887,1.3123960490228208
swing_10d,10,control,train,minus_spy,6697,0.4642377183813648,0.00310320206955717,-0.0108108367376708,0.20031422524252818,1.2677639966495684,0.141101428582361,-0.11647218428169898,1.049729684119709
swing_10d,10,control,test,raw,11700,0.46282051282051284,-0.0018030530786460907,-0.01287226210661135,0.19620571975883536,-0.9940077693095292,0.14039156132635877,-0.12431440343713474,0.9729997589593861
swing_10d,10,control,test,minus_spy,11700,0.44435897435897437,-0.006720360378420784,-0.017757818460675364,0.18732651858331809,-3.880486988800076,0.1297971197970231,-0.11589654549334662,0.8956415146537314
swing_20d,20,insider,all,raw,973,0.527235354573484,0.03645774391308888,0.012568761057196402,0.30264806841744213,3.757580589043336,0.21259754985825194,-0.15997643097792993,1.48204634583531
swing_20d,20,insider,all,minus_spy,973,0.4779033915724563,0.018742983245501044,-0.009671390281883348,0.289343063547029,2.0206079699760835,0.19714837353417125,-0.1445611633770022,1.2483340151050655
swing_20d,20,insider,train,raw,355,0.5830985915492958,0.06374808786647479,0.038996379868614706,0.2870347025366305,4.1845323813447655,0.2282392390001707,-0.16631723838132967,1.9193831397336394
swing_20d,20,insider,train,minus_spy,355,0.5183098591549296,0.0282729354084515,0.009152248111040429,0.2621198761811654,2.032287394483938,0.19307751737168746,-0.14906064986193104,1.3937677402958235
swing_20d,20,insider,test,raw,618,0.49514563106796117,0.020781251836305702,-0.003,0.3104062945679719,1.664314601538634,0.20201640720342448,-0.1569686120814454,1.2622362755737622
swing_20d,20,insider,test,minus_spy,618,0.4546925566343042,0.013268657973903286,-0.015478241118993652,0.30395098417369454,1.0852197352845274,0.19981398753380475,-0.14227804115467924,1.1710203127627434
swing_20d,20,control,all,raw,9066,0.48213103904698873,0.01884744704665329,-0.009127978452766247,0.28271213287096303,6.347693405397744,0.2176903073786253,-0.16627335008030084,1.2188819770760244
swing_20d,20,control,all,minus_spy,9066,0.45069490403706153,0.00028001593895606903,-0.025142648237865772,0.26862247031266584,0.09925405790204445,0.1970727112563155,-0.16118483407444367,1.0031626049638458
swing_20d,20,control,train,raw,3306,0.5172413793103449,0.0475793628451514,0.011166181016052493,0.3066951697965246,8.919964178302424,0.24621082323078658,-0.16524005899660058,1.5964489011096346
swing_20d,20,control,train,minus_spy,3306,0.47428917120387176,0.015101089998153447,-0.014313303228533188,0.2901777359249669,2.992234545662121,0.21654082966079619,-0.1666351078102607,1.1723831713309676
swing_20d,20,control,test,raw,5760,0.46197916666666666,0.002356524541473647,-0.018180002936918124,0.26661176156950617,0.6708167594052284,0.19936258016810454,-0.1668054999898154,1.0262580522307145
swing_20d,20,control,test,minus_spy,5760,0.4371527777777778,-0.008226663026270759,-0.029270202451300686,0.25506783038318126,-2.4478187782405287,0.184949593838434,-0.1582630031821395,0.9076464107168062
